Iteration,QD-Score,Coverage,Maximum,Average
1,-14309.712611075905,0.0037,-88.51300047496333,-386.748989488538
2,-9382.829879004235,0.0043,-39.070016684243456,-218.2053460233543
